-164.454135216356,65.51703077906144,-165.91603861832274,62.147456552974525
-164.454135216356,65.51703077906144,-124.61787450607734,70.18478965703544
-164.454135216356,65.51703077906144,-168.89830721130306,63.020667626748036
-164.454135216356,65.51703077906144,-160.10537432160552,58.788008213672114
-164.454135216356,65.51703077906144,-163.7034285780029,66.56671429377221
-164.454135216356,65.51703077906144,-163.74135738246184,66.37521442193737
-164.454135216356,65.51703077906144,-148.80903530895574,70.4865308646151
-164.454135216356,65.51703077906144,-171.90730754205555,63.60616806977871
-164.454135216356,65.51703077906144,-148.565,70.415
-164.454135216356,65.51703077906144,-166.0723807342142,61.245229267909075
-164.454135216356,65.51703077906144,-173.82265674640365,64.34245108719624
-164.454135216356,65.51703077906144,-170.52906980764217,65.52761478361609
-164.454135216356,65.51703077906144,-148.484535707659,70.43432730487918
-164.454135216356,65.51703077906144,-163.71934092996935,66.58191840330186
-164.454135216356,65.51703077906144,-175.97975976871388,65.37679112219827
-164.454135216356,65.51703077906144,-163.78900055540697,66.25420018528344
-164.454135216356,65.51703077906144,-163.86419008368932,66.59800419637995
-164.454135216356,65.51703077906144,-163.70817042546963,66.5593349453809
-164.454135216356,65.51703077906144,-166.8814536341171,64.50480785018775
-164.454135216356,65.51703077906144,-165.81208016716724,61.25827838667628
-164.454135216356,65.51703077906144,-166.33818408390775,61.334884342886326
-164.454135216356,65.51703077906144,-146.56601222525487,70.23300153982747
-164.454135216356,65.51703077906144,-162.8583859483215,70.00779962758227
-164.454135216356,65.51703077906144,-176.71399741378232,65.5237536677934
-164.454135216356,65.51703077906144,-166.20091671930447,61.57341680943125
-164.454135216356,65.51703077906144,-146.9966114082377,70.26199946428545
-164.454135216356,65.51703077906144,-166.28217801467525,61.28959282565607
-164.454135216356,65.51703077906144,-163.55942823339117,66.53271438121601
-164.454135216356,65.51703077906144,-176.53800734620287,65.50850169416827
-164.454135216356,65.51703077906144,-173.7547889730454,64.34610261989309
-164.454135216356,65.51703077906144,-164.72733489034292,60.24003518460665
-164.454135216356,65.51703077906144,-149.69452677711715,70.56864212241935
-164.454135216356,65.51703077906144,-163.83224766413,66.5912502343573
-164.454135216356,65.51703077906144,-148.14399185379852,70.36154048756369
-164.454135216356,65.51703077906144,-170.74257635322533,65.53871958773547
-164.454135216356,65.51703077906144,-175.82300011220173,64.98350001337646
-164.454135216356,65.51703077906144,-163.70264303291336,66.45450049518209
-164.454135216356,65.51703077906144,-146.85785033726958,70.19837323168991
-164.454135216356,65.51703077906144,-164.9226130843076,60.31364282442402
-164.454135216356,65.51703077906144,-144.647437605088,70.20777291053506
-164.454135216356,65.51703077906144,-171.8675904899571,63.660120391765055
-164.454135216356,65.51703077906144,-165.6265001413229,60.93700007503403
-164.454135216356,65.51703077906144,-149.6525094179452,70.5978539195447
-164.454135216356,65.51703077906144,-148.57478695493788,70.41035421745163
-164.454135216356,65.51703077906144,-163.73100069743106,66.36140812135558
-164.454135216356,65.51703077906144,-163.57735924484183,66.5011326250082
-164.454135216356,65.51703077906144,-163.74990814057725,66.43272991016774
-164.454135216356,65.51703077906144,-163.75044410682,66.36586014711582
-164.454135216356,65.51703077906144,-174.0762015140507,64.52860080143824
-164.454135216356,65.51703077906144,-163.77052882408725,66.55311890417926
-164.454135216356,65.51703077906144,-163.96704883125113,59.77853843664917
-164.454135216356,65.51703077906144,-174.73261339928123,64.71736065884234
-164.454135216356,65.51703077906144,-163.6531737385347,66.55150648789456
-164.454135216356,65.51703077906144,-170.807,65.581
-164.454135216356,65.51703077906144,-148.55088745075477,70.48870337250548
-164.454135216356,65.51703077906144,-163.72481679023628,66.4253646646286
-164.454135216356,65.51703077906144,-146.33449848550603,70.19450000069548
-164.454135216356,65.51703077906144,-172.34947869890107,65.478514137184
-164.454135216356,65.51703077906144,-175.8690000374185,64.99400000668618
-164.454135216356,65.51703077906144,-174.627,64.657
-164.454135216356,65.51703077906144,-146.69076443808837,70.25439381382839
-164.454135216356,65.51703077906144,-171.9308445777586,63.66858280722618
-164.454135216356,65.51703077906144,-147.47999202634506,70.37490743094637
-164.454135216356,65.51703077906144,-161.89631087777747,58.605179496164595
-164.454135216356,65.51703077906144,-157.27486969947088,71.02071582921286
-164.454135216356,65.51703077906144,-165.64633303261252,60.94416751525604
-164.454135216356,65.51703077906144,-146.83674415354258,70.18730946536475
-164.454135216356,65.51703077906144,-163.60387434608575,66.51411815400974
-164.454135216356,65.51703077906144,-171.88820117609148,64.59600035488974
-164.454135216356,65.51703077906144,-163.725,66.491
-164.454135216356,65.51703077906144,-165.797367718841,60.939467489330724
-164.454135216356,65.51703077906144,-163.7042221695488,66.56011127231834
-164.454135216356,65.51703077906144,-163.76721985606042,66.54878985325595
-164.454135216356,65.51703077906144,-153.26993965817144,70.97369195065878
-164.454135216356,65.51703077906144,-148.35450678178424,70.38205294054782
-164.454135216356,65.51703077906144,-165.6864970949703,61.1662522388335
-164.454135216356,65.51703077906144,-174.60708152946398,64.65000192090389
-164.454135216356,65.51703077906144,-149.7952901285141,70.55601180815519
-164.454135216356,65.51703077906144,-147.79219627064475,70.43604120047924
-164.454135216356,65.51703077906144,-175.89473439357369,65.04143381406465
-164.454135216356,65.51703077906144,-163.74733351496943,66.35816675607265
-164.454135216356,65.51703077906144,-164.1260494435374,69.24736941919284
-164.454135216356,65.51703077906144,-175.79221349305055,64.96972652458388
-164.454135216356,65.51703077906144,-163.91100060347944,66.54800071688197
-164.454135216356,65.51703077906144,-172.47466602449146,64.58345318033811
-164.454135216356,65.51703077906144,-114.17163074874465,68.56850693737329
-164.454135216356,65.51703077906144,-165.52503749175588,66.39249173142751
-164.454135216356,65.51703077906144,-173.6619570521318,64.33651772967504
-164.454135216356,65.51703077906144,-163.73078692631546,66.45450085947195
-164.454135216356,65.51703077906144,-163.70117002225768,66.46316734524768
-164.454135216356,65.51703077906144,-163.6570774056603,66.5489236991051
-164.454135216356,65.51703077906144,-166.0220306459689,61.08250147745008
-164.454135216356,65.51703077906144,-166.39461759661322,61.23568575055792
-164.454135216356,65.51703077906144,-148.3539858199705,70.48100422013096
-164.454135216356,65.51703077906144,-171.96603209223275,65.44201335784334
-164.454135216356,65.51703077906144,-163.82528511534295,66.57457389778044
-164.454135216356,65.51703077906144,-149.8365964778475,70.55974360909173
-164.454135216356,65.51703077906144,-166.28910557517435,61.42915193350593
-164.454135216356,65.51703077906144,-165.71349235764055,61.17838103723453
-164.454135216356,65.51703077906144,-162.90149318392417,69.97265981007646
-164.454135216356,65.51703077906144,-171.82019993437393,63.43560001312479
-164.454135216356,65.51703077906144,-163.70955703583383,66.5544457330874
-164.454135216356,65.51703077906144,-163.62390977542051,66.48427294116541
-164.454135216356,65.51703077906144,-167.46360561938044,65.00020107813873
-164.454135216356,65.51703077906144,-163.637890149197,66.54400055620775
-164.454135216356,65.51703077906144,-174.63875958857568,64.69924987711383
-164.454135216356,65.51703077906144,-161.0553772467496,70.33645819395204
-164.454135216356,65.51703077906144,-171.41299886248905,63.85066789111951
-164.454135216356,65.51703077906144,-163.64840021724822,66.4698000672071
-164.454135216356,65.51703077906144,-163.5659993394034,66.53571466090433
-164.454135216356,65.51703077906144,-163.67910914474083,66.55933420561237
-164.454135216356,65.51703077906144,-176.56733861315712,65.51633579639527
-164.454135216356,65.51703077906144,-171.92916561849918,63.48236899103049
-164.454135216356,65.51703077906144,-165.76485104714885,61.24087701349843
-164.454135216356,65.51703077906144,-163.8215001003352,66.49700001994653
-164.454135216356,65.51703077906144,-165.9015356184312,68.96722668460316
-164.454135216356,65.51703077906144,-163.655340316301,66.55066847106148
-164.454135216356,65.51703077906144,-163.81300081226567,66.22700031062757
-164.454135216356,65.51703077906144,-171.80104810361766,63.725203237529456
-164.454135216356,65.51703077906144,-175.35699371894648,64.7772520870884
-164.454135216356,65.51703077906144,-163.7543333970171,66.54250001823536
-164.454135216356,65.51703077906144,-167.30146653455145,65.10100659935877
-164.454135216356,65.51703077906144,-163.64286910281217,66.49573509992679
-164.454135216356,65.51703077906144,-154.9870075820435,70.49008655488099
-164.454135216356,65.51703077906144,-174.4745000643573,64.61150000084507
-164.454135216356,65.51703077906144,-172.62844668002793,64.30902543286572
-164.454135216356,65.51703077906144,-171.88500962962135,63.42401662378767
-164.454135216356,65.51703077906144,-163.56046176045183,66.51330788936471
-164.454135216356,65.51703077906144,-165.68966791001031,61.1965007499494
-164.454135216356,65.51703077906144,-166.516894452688,64.75465492057288
-164.454135216356,65.51703077906144,-173.75514048658576,64.32871737458136
-164.454135216356,65.51703077906144,-172.77099919647023,64.81878605456819
-164.454135216356,65.51703077906144,-165.73144727873492,61.17901575043863
-164.454135216356,65.51703077906144,-161.82100834529615,58.82944878897602
-164.454135216356,65.51703077906144,-161.7840552916034,70.43401588787276
-164.454135216356,65.51703077906144,-165.727,61.288
-164.454135216356,65.51703077906144,-149.83100000000002,70.571
-164.454135216356,65.51703077906144,-164.94985236846065,66.56439668314792
-164.454135216356,65.51703077906144,-165.66297735085044,60.82015671154051
-164.454135216356,65.51703077906144,-173.48698971926223,64.31547427558155
-164.454135216356,65.51703077906144,-163.69793868376934,66.42800627533839
-164.454135216356,65.51703077906144,-163.68176831103887,66.55484811680653
-164.454135216356,65.51703077906144,-163.74692718880124,66.43664394172731
-164.454135216356,65.51703077906144,-165.80000389361572,61.2175603208559
-164.454135216356,65.51703077906144,-163.61008757303003,66.56045528100906
-164.454135216356,65.51703077906144,-166.23616041738947,61.33992716557567
-164.454135216356,65.51703077906144,-161.8830248046811,59.11700240261486
-164.454135216356,65.51703077906144,-165.76414379730133,61.29157979382028
-164.454135216356,65.51703077906144,-148.41806335973575,70.43829241025647
-164.454135216356,65.51703077906144,-165.71161125536645,61.16938789683784
-164.454135216356,65.51703077906144,-161.84735005027636,59.08618751280125
-164.454135216356,65.51703077906144,-166.1064572220462,60.74942932850432
-164.454135216356,65.51703077906144,-173.73314006515935,64.34150408824732
-164.454135216356,65.51703077906144,-161.63461506182946,58.57502806469389
-164.454135216356,65.51703077906144,-163.75,66.54
-164.454135216356,65.51703077906144,-163.7380809424886,66.48992155108473
-164.454135216356,65.51703077906144,-163.72683433004244,66.44866760789337
-164.454135216356,65.51703077906144,-165.81341126967064,61.28611204938124
-164.454135216356,65.51703077906144,-161.77142891928733,58.752861485078036
-164.454135216356,65.51703077906144,-175.9291998404843,65.25800143761334
-164.454135216356,65.51703077906144,-177.05369006504952,65.54448441323709
-164.454135216356,65.51703077906144,-171.9270345767394,65.09550821327629
-164.454135216356,65.51703077906144,-165.8059053799787,61.28231527229535
-164.454135216356,65.51703077906144,-163.86209151225717,66.5737278307975
-164.454135216356,65.51703077906144,-176.35528998382972,65.271417415279
-164.454135216356,65.51703077906144,-163.74040061155986,66.38380012118931
-164.454135216356,65.51703077906144,-163.58756234579008,66.51106252909956
-164.454135216356,65.51703077906144,-163.7526046049227,66.2871578176325
-164.454135216356,65.51703077906144,-166.1740684428372,66.34847624662437
-164.454135216356,65.51703077906144,-171.90059990248628,63.38300008752353
-164.454135216356,65.51703077906144,-165.7194978520582,60.98850040806123
-164.454135216356,65.51703077906144,-166.93900193041625,65.2455001194603
-164.454135216356,65.51703077906144,-176.928,65.573
-164.454135216356,65.51703077906144,-170.5180248013831,65.60114289803279
-164.454135216356,65.51703077906144,-163.6907496275742,66.56400020282227
-164.454135216356,65.51703077906144,-165.88928969566035,61.13414578160208
-164.454135216356,65.51703077906144,-173.3634998685921,64.2940001696797
-164.454135216356,65.51703077906144,-146.72100124054538,70.2026874180554
-164.454135216356,65.51703077906144,-163.78350092852733,66.39350076932207
-164.454135216356,65.51703077906144,-173.6939981840585,64.33500116061963
-164.454135216356,65.51703077906144,-175.89431504958023,65.02094625445535
-164.454135216356,65.51703077906144,-163.75543753724043,66.44400184924694
-164.454135216356,65.51703077906144,-163.12815225554246,69.9021507128831
-164.454135216356,65.51703077906144,-151.90445159236384,70.52314866671351
-164.454135216356,65.51703077906144,-160.14049063396263,58.8797007375662
-164.454135216356,65.51703077906144,-163.6063994166194,66.46260012602488
-164.454135216356,65.51703077906144,-173.38184890648967,64.30464912432834
-164.454135216356,65.51703077906144,-161.0476661719909,70.32662596491194
-164.454135216356,65.51703077906144,-170.67399367073452,65.56458229027834
-164.454135216356,65.51703077906144,-173.08598530060144,64.26300287078585
-164.454135216356,65.51703077906144,-163.7720710128208,66.25328608992436
-164.454135216356,65.51703077906144,-163.77377347107466,66.41451153969882
-164.454135216356,65.51703077906144,-163.6957856292517,66.56385726669001
-164.454135216356,65.51703077906144,-164.59311382361804,68.93706684172113
-164.454135216356,65.51703077906144,-173.2659530266469,64.21715581890909
-164.454135216356,65.51703077906144,-148.58110062124442,70.40870965764633
-164.454135216356,65.51703077906144,-165.8049942232541,61.28400091452819
-164.454135216356,65.51703077906144,-162.9512528511235,59.40479579245134
-164.454135216356,65.51703077906144,-172.7225428163816,64.28852611637299
-164.454135216356,65.51703077906144,-161.81439904188213,58.9574001967791
-164.454135216356,65.51703077906144,-163.64700042916667,66.55066693641251
-164.454135216356,65.51703077906144,-147.4648707257028,70.37217594168779
-164.454135216356,65.51703077906144,-146.76329063770774,70.23840880952967
-164.454135216356,65.51703077906144,-165.87885947892772,61.30385011014172
-164.454135216356,65.51703077906144,-176.6094544467463,65.51775270981571
-164.454135216356,65.51703077906144,-165.6716771730992,61.17750375643614
-164.454135216356,65.51703077906144,-163.79466531297794,66.55666712672878
-164.454135216356,65.51703077906144,-164.81896666447494,60.28927556903621
-164.454135216356,65.51703077906144,-163.76111013785965,66.54222242080964
-164.454135216356,65.51703077906144,-173.59024994329155,64.32175012162462
-164.454135216356,65.51703077906144,-148.77509003312696,70.44651827489052
-164.454135216356,65.51703077906144,-162.2296268308828,55.73434044634274
-164.454135216356,65.51703077906144,-163.71849707970688,66.42733415921954
-164.454135216356,65.51703077906144,-161.83146531044548,59.02210193630854
-164.454135216356,65.51703077906144,-165.79033736467218,61.278167644147636
-164.454135216356,65.51703077906144,-146.8242540837581,70.19003325949471
-164.454135216356,65.51703077906144,-163.82933412165156,66.59100136741357
-164.454135216356,65.51703077906144,-161.77749805695038,58.77100070509552
-164.454135216356,65.51703077906144,-165.66565720283165,61.06125993875906
-164.454135216356,65.51703077906144,-163.87482532076334,66.17800199014653
-164.454135216356,65.51703077906144,-166.17166165949553,61.30076089325921
-164.454135216356,65.51703077906144,-166.01472119321284,61.24134298273385
-164.454135216356,65.51703077906144,-165.75250447214611,61.048506063000566
-164.454135216356,65.51703077906144,169.12933494082694,60.50301298726246
-164.454135216356,65.51703077906144,-149.89264379321764,70.5210141215085
-164.454135216356,65.51703077906144,-173.98866721761178,64.41966676032159
-164.454135216356,65.51703077906144,-165.72122515846124,61.196224235314794
-164.454135216356,65.51703077906144,-163.86639958547903,66.60080085574106
-164.454135216356,65.51703077906144,-166.25315460409377,61.41101916673616
-164.454135216356,65.51703077906144,-173.4218743289847,64.3060668339862
-164.454135216356,65.51703077906144,-164.81827678731634,63.369433292154405
-164.454135216356,65.51703077906144,-147.1418411703148,70.22335455321203
-164.454135216356,65.51703077906144,-161.75775985318887,58.57100195006898
-164.454135216356,65.51703077906144,-148.813427712129,70.44563622886696
-164.454135216356,65.51703077906144,-166.58941484086134,64.92340154789656
-164.454135216356,65.51703077906144,-170.78959650376126,66.47157576630867
-164.454135216356,65.51703077906144,-166.06539884432257,61.921945489029895
-164.454135216356,65.51703077906144,-163.79124812264348,66.27900173927414
-164.454135216356,65.51703077906144,-163.63616894090407,66.56936679665465
-164.454135216356,65.51703077906144,-163.84800172051854,66.59333521878129
-164.454135216356,65.51703077906144,-172.51245629687787,64.30552374395785
-164.454135216356,65.51703077906144,-165.846,61.123
-164.454135216356,65.51703077906144,-163.64200713032756,66.53566859414703
-164.454135216356,65.51703077906144,-170.844,65.615
-164.454135216356,65.51703077906144,-164.73150008873696,60.248127452480496
-164.454135216356,65.51703077906144,-166.2237642993374,61.37327523236797
-164.454135216356,65.51703077906144,-145.05513965777627,70.16055425643964
-164.454135216356,65.51703077906144,-150.21792906681284,70.55264353810334
-164.454135216356,65.51703077906144,-171.90499908451136,64.51700008473273
-164.454135216356,65.51703077906144,-146.50762975766995,70.18675186023229
-164.454135216356,65.51703077906144,-163.38668407595824,69.5446742343742
-164.454135216356,65.51703077906144,-161.78398740781293,59.04881006629484
-164.454135216356,65.51703077906144,-146.96470987562714,70.28626643896445
-164.454135216356,65.51703077906144,-172.72922918562088,64.41180700729879
-164.454135216356,65.51703077906144,-160.27155812528267,58.81301595194142
-164.454135216356,65.51703077906144,-165.53642299338475,61.12940919025613
-164.454135216356,65.51703077906144,-158.86293782995227,70.90316528700627
-164.454135216356,65.51703077906144,-163.84524490082694,66.42000043710568
-164.454135216356,65.51703077906144,-161.83159349098543,59.029156066995625
-164.454135216356,65.51703077906144,-163.6165752226884,66.54971773572149
-164.454135216356,65.51703077906144,-163.67474907451117,66.55400069027664
-164.454135216356,65.51703077906144,-163.7743986974771,66.43460147821537
-164.454135216356,65.51703077906144,-163.7576666845301,66.52766667587737
-164.454135216356,65.51703077906144,-166.34205775525743,61.18951155593556
-164.454135216356,65.51703077906144,-146.3106290473699,70.16845675141145
-164.454135216356,65.51703077906144,-170.382737206802,63.147751950471175
-164.454135216356,65.51703077906144,-165.91081406999984,61.11930440531864
-164.454135216356,65.51703077906144,-171.6894444620275,63.65095570502638
-164.454135216356,65.51703077906144,-113.99555224006996,68.30459159723799
-164.454135216356,65.51703077906144,-165.40599081821924,61.03925800197743
-164.454135216356,65.51703077906144,-176.64048700082694,65.52701050359491
-164.454135216356,65.51703077906144,-150.17641736159214,70.52810820683531
-164.454135216356,65.51703077906144,-148.66266375500052,70.43251134442987
-164.454135216356,65.51703077906144,-163.7466670491038,66.43833337027839
-164.454135216356,65.51703077906144,-163.78178408118254,66.26500522059676
-164.454135216356,65.51703077906144,-163.58351901323036,66.53513333748475
-164.454135216356,65.51703077906144,-163.8454976833019,66.36280220524998
-164.454135216356,65.51703077906144,-171.6330590933225,65.34601811669022
-164.454135216356,65.51703077906144,-164.74800008146175,60.25300049493867
-164.454135216356,65.51703077906144,-175.8702860426627,65.25586523328268
-164.454135216356,65.51703077906144,-163.61799932441198,66.56588935876698
-164.454135216356,65.51703077906144,-162.78116760844415,70.0820658258031
-164.454135216356,65.51703077906144,-146.41651070683443,70.25980668509358
-164.454135216356,65.51703077906144,-166.961,65.259
-164.454135216356,65.51703077906144,-149.81742472130418,70.58700617222188
-164.454135216356,65.51703077906144,-147.4571399099122,70.3746559285518
-164.454135216356,65.51703077906144,-167.5002402145209,65.22492272797125
-164.454135216356,65.51703077906144,-163.70919978108662,66.55346705282803
-164.454135216356,65.51703077906144,-172.533,64.284
-164.454135216356,65.51703077906144,-146.35307372885154,70.22646350321759
-164.454135216356,65.51703077906144,-163.75037455270072,66.56437529051955
-164.454135216356,65.51703077906144,-148.55033800072576,70.39189412260517
-164.454135216356,65.51703077906144,-170.43402624600444,65.7839986768527
-164.454135216356,65.51703077906144,-165.873460106995,61.02344918339322
-164.454135216356,65.51703077906144,-113.95392776343623,68.1232145936487
-164.454135216356,65.51703077906144,-163.2980041756562,66.50563803643072
-164.454135216356,65.51703077906144,-173.39532633175673,64.30400354620573
-164.454135216356,65.51703077906144,-163.68855246665925,66.56244593614707
-164.454135216356,65.51703077906144,-167.11042822255268,65.17442972191704
-164.454135216356,65.51703077906144,-163.64548724469586,66.45200661675449
-164.454135216356,65.51703077906144,-172.72256089351689,64.74654337692644
-164.454135216356,65.51703077906144,-148.58305653028043,70.4018795630492
-164.454135216356,65.51703077906144,-161.7117908947425,55.937805833724035
-164.454135216356,65.51703077906144,-163.734832822742,66.40366697761334
-164.454135216356,65.51703077906144,-166.89600766381494,64.54700122250082
-164.454135216356,65.51703077906144,-169.88846511856835,62.98535190840438
-164.454135216356,65.51703077906144,-160.302,58.84300000000001
-164.454135216356,65.51703077906144,-163.58533332888257,66.50166676452544
-164.454135216356,65.51703077906144,-163.74145300287373,66.15221333350753
-164.454135216356,65.51703077906144,-165.92103401478366,61.215527184902115
-164.454135216356,65.51703077906144,-165.64000000000001,61.171
-164.454135216356,65.51703077906144,-163.72993548081476,66.4809102545586
-164.454135216356,65.51703077906144,-162.04185750981998,55.797288552357266
-164.454135216356,65.51703077906144,-148.55371890350486,70.40375540451448
-164.454135216356,65.51703077906144,-146.91714909356511,70.27274908737482
-164.454135216356,65.51703077906144,-166.44066699905645,61.45455660954999
-164.454135216356,65.51703077906144,169.42028652675458,60.49690392078165
-164.454135216356,65.51703077906144,-176.57199723975202,65.52201705972745
-164.454135216356,65.51703077906144,-113.8659965291037,68.12457416700961
-164.454135216356,65.51703077906144,-164.79032713446364,65.31023699858922
-164.454135216356,65.51703077906144,-165.87924886242232,61.054753785348815
-164.454135216356,65.51703077906144,-149.8820313563646,70.57506158157562
-164.454135216356,65.51703077906144,-149.3767387893883,70.58920472519938
-164.454135216356,65.51703077906144,-152.1984733560913,70.62777008321405
-164.454135216356,65.51703077906144,-148.3197661203704,70.46304358275158
-164.454135216356,65.51703077906144,-163.71341222456277,66.55517677152545
-164.454135216356,65.51703077906144,-166.79099440733498,65.06333467484997
-164.454135216356,65.51703077906144,-172.39498161508737,64.34200523795752
-164.454135216356,65.51703077906144,-146.49583289904191,70.21666789470233
-164.454135216356,65.51703077906144,-163.61701181609553,66.50440237143121
-164.454135216356,65.51703077906144,-173.33275840432566,64.36085062080113
-164.454135216356,65.51703077906144,-174.1203090860499,64.52567872484845
-164.454135216356,65.51703077906144,-174.434,64.647
-164.454135216356,65.51703077906144,-166.18762701831267,61.392718330422795
-164.454135216356,65.51703077906144,-148.91927930841214,70.47931256073767
-164.454135216356,65.51703077906144,-166.15717847930964,61.20795130432276
-164.454135216356,65.51703077906144,-148.38314661269206,70.49082591858539
-164.454135216356,65.51703077906144,-146.80415384255738,70.17413659031969
-164.454135216356,65.51703077906144,-173.53625117386326,64.33825016410914
-164.454135216356,65.51703077906144,-164.69724970072772,66.55125008980035
-164.454135216356,65.51703077906144,-166.33733638137025,61.50150066340031
-164.454135216356,65.51703077906144,-176.00599020365644,65.10400109649771
-164.454135216356,65.51703077906144,-176.64971143541345,65.5281452445544
-164.454135216356,65.51703077906144,-163.7427275271602,66.44436385031675
-164.454135216356,65.51703077906144,-176.053,65.209
-164.454135216356,65.51703077906144,-162.7553397333704,70.10657007084899
-164.454135216356,65.51703077906144,-164.77665087909438,60.19640808771214
-164.454135216356,65.51703077906144,-173.24851612303738,64.25400092956761
-164.454135216356,65.51703077906144,-175.81416661368777,64.98150005954703
-164.454135216356,65.51703077906144,-163.62759831989194,66.53520044237295
-164.454135216356,65.51703077906144,-163.73275031211486,66.3997502230966
-164.454135216356,65.51703077906144,-160.41925122538427,58.98019922222658
-164.454135216356,65.51703077906144,-166.2480959007911,60.44159766116878
-164.454135216356,65.51703077906144,-148.33700000000002,70.389
-164.454135216356,65.51703077906144,-163.5614013161409,66.51940028144934
-164.454135216356,65.51703077906144,-170.47912091819478,66.33144364150827
-164.454135216356,65.51703077906144,-163.74111551833929,66.40515927227304
-164.454135216356,65.51703077906144,-170.706,63.358
-164.454135216356,65.51703077906144,-163.58154930810784,66.57950630285521
-164.454135216356,65.51703077906144,-166.37699817782848,61.36628660665183
-164.454135216356,65.51703077906144,-148.5590978239452,70.40343247387494
-164.454135216356,65.51703077906144,-146.5862644119481,70.23037021774586
-164.454135216356,65.51703077906144,-163.60232093464367,66.5023380464068
-164.454135216356,65.51703077906144,-163.79379472914675,66.26250825255282
-164.454135216356,65.51703077906144,-163.78555772571173,66.19272490852028
-164.454135216356,65.51703077906144,-160.47625552360657,58.96075123988221
-164.454135216356,65.51703077906144,-163.77888941856165,66.2147236972708
-164.454135216356,65.51703077906144,-167.0455007026898,65.16460921738357
-164.454135216356,65.51703077906144,-172.62546611153323,64.3590217369582
-164.454135216356,65.51703077906144,-148.552700622255,70.39611663015968
-164.454135216356,65.51703077906144,-165.36165694125484,61.084335010326
-164.454135216356,65.51703077906144,-169.7110145153535,62.93202554818057
-164.454135216356,65.51703077906144,-165.90829463019804,61.05552603253698
-164.454135216356,65.51703077906144,-161.83725635890866,58.60925254608801
-164.454135216356,65.51703077906144,-163.88079790483118,66.56820134304436
-164.454135216356,65.51703077906144,-163.67545365812228,66.55690968929959
-164.454135216356,65.51703077906144,-166.22717515150774,61.40350367344946
-164.454135216356,65.51703077906144,-146.28390941732934,70.18288602751544
-164.454135216356,65.51703077906144,-148.89470788780432,70.47496071655401
-164.454135216356,65.51703077906144,-148.2031392722924,70.45989644008304
-164.454135216356,65.51703077906144,-163.68926977745275,66.45866755198709
-164.454135216356,65.51703077906144,-148.82029929941774,70.46389461439497
-164.454135216356,65.51703077906144,-148.75616012615635,70.44426556936723
-164.454135216356,65.51703077906144,-172.32380257000025,64.84220083733706
-164.454135216356,65.51703077906144,-163.81048194484498,66.3916745230738
-164.454135216356,65.51703077906144,-173.37519951573765,64.29553393238213
-164.454135216356,65.51703077906144,-165.80357243036954,61.28657527311737
-164.454135216356,65.51703077906144,-163.60592365898108,66.49546175913149
-164.454135216356,65.51703077906144,-171.85871438033618,63.5250032437915
-164.454135216356,65.51703077906144,-161.02658674670872,70.34723047791084
-164.454135216356,65.51703077906144,-163.59854719732422,66.55963344976388
-164.454135216356,65.51703077906144,-163.78599812899,66.55050306163251
-164.454135216356,65.51703077906144,-166.01120165489527,61.86626316666444
-164.454135216356,65.51703077906144,-175.82466656692068,64.98600003864189
-164.454135216356,65.51703077906144,-170.19272879876937,65.9508984677497
-164.454135216356,65.51703077906144,-148.75641338540626,70.44270397210204
-164.454135216356,65.51703077906144,-163.77625021870685,66.54575025710344
-164.454135216356,65.51703077906144,-163.78999035691956,66.44925402781891
-164.454135216356,65.51703077906144,-148.79516972358812,70.45493745427243
-164.454135216356,65.51703077906144,-171.76291176785836,63.77136712595857
-164.454135216356,65.51703077906144,-163.73807466704,66.5781558539177
-164.454135216356,65.51703077906144,-173.76500746854686,64.40252286338055
-164.454135216356,65.51703077906144,-163.7221413505328,66.42629121697126
-164.454135216356,65.51703077906144,-174.44900360587687,64.62300016557674
-164.454135216356,65.51703077906144,-174.06932271195734,64.50867068939466
-164.454135216356,65.51703077906144,-146.52213105130278,70.23025457454735
-164.454135216356,65.51703077906144,-165.82012240874795,61.290752614821386
-164.454135216356,65.51703077906144,-148.3243928544066,70.35739700282065
-164.454135216356,65.51703077906144,-149.83513280614474,70.56835272734673
-164.454135216356,65.51703077906144,-163.691,66.199
-164.454135216356,65.51703077906144,-163.81900017800209,66.19150000322298
-164.454135216356,65.51703077906144,-173.541,64.419
-164.454135216356,65.51703077906144,-149.09882131645227,70.50453495530753
-164.454135216356,65.51703077906144,-165.73322030003752,61.167425885924864
-164.454135216356,65.51703077906144,-165.6269967272053,61.17180045245061
-164.454135216356,65.51703077906144,-146.74640372964092,70.18274314209124
-164.454135216356,65.51703077906144,-177.10870322343175,65.53096440477441
-164.454135216356,65.51703077906144,-170.95549837918782,67.22029205213317
-164.454135216356,65.51703077906144,-148.41538149453467,70.49645478476897
-164.454135216356,65.51703077906144,-148.8369053883054,70.47299752367178
-164.454135216356,65.51703077906144,-148.30638686712666,70.47494926426918
-164.454135216356,65.51703077906144,-148.5686902677125,70.40431686507898
-164.454135216356,65.51703077906144,-163.72552406005312,66.55600969353515
-164.454135216356,65.51703077906144,-164.01242567555244,63.39963099667941
-164.454135216356,65.51703077906144,-147.7899788846008,70.3135835812242
-164.454135216356,65.51703077906144,-166.55000463482244,68.2347813353519
-164.454135216356,65.51703077906144,-165.3857991990961,61.03823516741561
-164.454135216356,65.51703077906144,-163.62908853099808,66.50437763800915
-164.454135216356,65.51703077906144,-163.64724628120896,66.48987660006976
-164.454135216356,65.51703077906144,-166.0305805266016,61.32527452915077
-164.454135216356,65.51703077906144,-148.84471584914735,70.46803961078203
-164.454135216356,65.51703077906144,-163.76674998995168,66.54033343059145
-164.454135216356,65.51703077906144,-167.1589789179926,65.02457177738397
-164.454135216356,65.51703077906144,-163.6077541165258,66.54000317712376
-164.454135216356,65.51703077906144,-157.2645175706521,71.04315885324469
-164.454135216356,65.51703077906144,-163.76366611657113,66.5582003684789
-164.454135216356,65.51703077906144,-161.802014242154,58.861504464984534
-164.454135216356,65.51703077906144,-163.71600327594965,66.43961585628436
-164.454135216356,65.51703077906144,-113.9511491197575,68.12435030721845
-164.454135216356,65.51703077906144,-163.58957082101324,66.55442535469913
-164.454135216356,65.51703077906144,-174.07727880316375,64.5096464838321
-164.454135216356,65.51703077906144,-163.68849939769328,66.55807190160472
-164.454135216356,65.51703077906144,-175.32177312353662,64.80015910145164
-164.454135216356,65.51703077906144,168.89434036873092,60.52347771394759
-164.454135216356,65.51703077906144,-148.47929964570233,70.43102547998765
-164.454135216356,65.51703077906144,-165.85269305203732,61.30432480178012
-164.454135216356,65.51703077906144,-176.3570678036402,65.28772005426559
-164.454135216356,65.51703077906144,-163.75501174356452,66.33526261073777
-164.454135216356,65.51703077906144,-163.7983235882583,66.39766774991783
-164.454135216356,65.51703077906144,-163.743,66.4655
-164.454135216356,65.51703077906144,-146.98157320120137,70.27174218678933
-164.454135216356,65.51703077906144,-171.82799841770026,63.43300036537648
-164.454135216356,65.51703077906144,-163.73366709493354,66.39733375135859
-164.454135216356,65.51703077906144,-163.70981444718714,66.54534228826233
-164.454135216356,65.51703077906144,-168.85399959696744,63.03125018517531
-164.454135216356,65.51703077906144,-163.6081941513888,66.49561113851587
-164.454135216356,65.51703077906144,-163.41537614822462,69.64506011944387
-164.454135216356,65.51703077906144,-166.07515813601043,61.28273789200646
-164.454135216356,65.51703077906144,-149.60431004180344,70.58061702046102
-164.454135216356,65.51703077906144,-175.45683055492023,64.86741323109705
-164.454135216356,65.51703077906144,-170.6839319475905,65.53146722923857
-164.454135216356,65.51703077906144,-172.11367326076942,64.46966739341545
-164.454135216356,65.51703077906144,-165.6030071335878,61.16752986247924
-164.454135216356,65.51703077906144,-163.74879216294488,66.3628033598826
-164.454135216356,65.51703077906144,-148.26862801713096,70.46601399355643
-164.454135216356,65.51703077906144,-166.3049033878148,61.3822914634195
-164.454135216356,65.51703077906144,-160.24489253399855,58.81304309569126
-164.454135216356,65.51703077906144,-163.57599792871858,66.54225037451731
-164.454135216356,65.51703077906144,-165.0877508293595,63.30208436907454
-164.454135216356,65.51703077906144,-173.5850800404103,64.32716859549949
-164.454135216356,65.51703077906144,-166.0009947022191,60.92825199207347
-164.454135216356,65.51703077906144,-148.41967300060523,70.46366812684782
-164.454135216356,65.51703077906144,-163.68894284135786,66.562472186144
-164.454135216356,65.51703077906144,-173.77036105698795,64.33115860507472
-164.454135216356,65.51703077906144,-163.62253367044718,59.650175327134285
-164.454135216356,65.51703077906144,-163.6933000378572,66.55680021471804
-164.454135216356,65.51703077906144,-146.50019140361243,70.21765777171495
-164.454135216356,65.51703077906144,-166.1438026007811,61.91740376588656
-164.454135216356,65.51703077906144,-148.8062482984621,70.43856992588661
-164.454135216356,65.51703077906144,-163.75464914559495,66.55095015677908
-164.454135216356,65.51703077906144,-163.621999999999,66.49825010264927
-164.454135216356,65.51703077906144,-148.64336032741627,70.48151740771526
-164.454135216356,65.51703077906144,-156.69424518293752,71.18273975372404
-164.454135216356,65.51703077906144,-163.7581080707547,66.45166709763733
-164.454135216356,65.51703077906144,-165.66534484919637,61.157174344016234
-164.454135216356,65.51703077906144,-171.17,63.62100000000001
-164.454135216356,65.51703077906144,-173.68632334040853,64.33353390717423
-164.454135216356,65.51703077906144,-172.91857569737564,64.69579086754277
-164.454135216356,65.51703077906144,-161.87283910101468,59.01083531473782
-164.454135216356,65.51703077906144,-163.70485763240123,66.45042865491185
-164.454135216356,65.51703077906144,-165.8679692431832,61.04102182750421
-164.454135216356,65.51703077906144,-148.6849000729113,70.42847960607972
-164.454135216356,65.51703077906144,-163.75274969274082,66.56850099067307
-164.454135216356,65.51703077906144,-124.58410027610667,70.1870001688902
-164.454135216356,65.51703077906144,-163.58185457974287,66.51964359594037
-164.454135216356,65.51703077906144,-166.40475444617948,61.3203284736108
-164.454135216356,65.51703077906144,-148.2774614115074,70.46382392507938
-164.454135216356,65.51703077906144,-166.0857296280606,61.17669066141293
-164.454135216356,65.51703077906144,-165.73573260791937,61.21575841349485
-164.454135216356,65.51703077906144,-163.6016240227385,66.54793780257333
-164.454135216356,65.51703077906144,-163.69499949895004,66.56300014930139
-164.454135216356,65.51703077906144,-163.8194454530965,66.25955615989095
-164.454135216356,65.51703077906144,-164.1819821619086,59.802794048672844
-164.454135216356,65.51703077906144,-163.7324428032966,66.55500051468434
-164.454135216356,65.51703077906144,-165.79470861019155,61.28143283935495
-164.454135216356,65.51703077906144,-163.6947499724072,66.56175024263075
-164.454135216356,65.51703077906144,-150.6445712057018,70.5834774608798
-164.454135216356,65.51703077906144,-165.9064398300279,61.01400455736893
-164.454135216356,65.51703077906144,-166.1409991652376,61.10560121551076
-164.454135216356,65.51703077906144,-166.34463010962068,61.48870767095672
-164.454135216356,65.51703077906144,-166.26651078088324,61.430650713692025
-164.454135216356,65.51703077906144,-160.10157918078667,70.60126878372071
